{"file_hashes":[{"block_hashes":["4ypFeL5m5mxZGR+N7jiKrTXeb7ep+MaIhINWMcQIhIk="],"block_size":4096,"path":"data/content_script/inject.js"},{"block_hashes":["ct4erbxpVLvhRkDxUKJ3j0aFpqAlRaevor4bHPU1+08="],"block_size":4096,"path":"data/popup/explore/explore.css"},{"block_hashes":["ZMW42Dyzgqqu8TBfSx8jBHvMV2IZL1LbScF9TB4PYlM="],"block_size":4096,"path":"data/popup/explore/explore.js"},{"block_hashes":["Jbh2G2oRzjeOKTIdvcVszSPopy0qvN03MAliMYp4fdM="],"block_size":4096,"path":"data/popup/explore/explore.json"},{"block_hashes":["jFKhHSQeEVtT3xgyzH+2F66hfuQY/bl33vauQEM962U="],"block_size":4096,"path":"data/popup/popup.css"},{"block_hashes":["/f21udoAz2TWck+Y+hIyXmU+JuYQ6P8+KGjOLa17308="],"block_size":4096,"path":"data/popup/popup.html"},{"block_hashes":["SqBENS1oHREV/8BSJYDl3ZHVGK2BXz25+4Q3cg+d0iw="],"block_size":4096,"path":"data/popup/popup.js"},{"block_hashes":["8s/yzlBpCwi8fpV/0diLTgf+LMCwDURi0cP6ok1ZJ2k="],"block_size":4096,"path":"lib/chrome/background.html"},{"block_hashes":["fhkfWR+BHS61OCAbSW+DBFGja/RsXdfNCil9oKKyfEg="],"block_size":4096,"path":"lib/chrome/chrome.js"},{"block_hashes":["wZGxH01DeJTMGRKa13BwaxnDQldCmy1m5qs7ZxRB6lE="],"block_size":4096,"path":"lib/common.js"},{"block_hashes":["Hb9ZzCZ62SEN4P2/f1Wksdajo06t9QzUMFEzSCm59bI="],"block_size":4096,"path":"lib/config.js"}],"version":2}