{"file_hashes":[{"block_hashes":["U0+nZcdMqJEPytg+0opD0sq/lgOgChfFVYm/6WPk1vI="],"block_size":4096,"path":"data/communication.js"},{"block_hashes":["4SqOxqRM4I4LJWGw0s4y7d9raC+elxDk4GPThP5HKKU="],"block_size":4096,"path":"data/content_script/inject.js"},{"block_hashes":["rGtRjVoIGqfVBm4WDJnZAiA1TfhwSNIQas4jnWrENQo="],"block_size":4096,"path":"data/icons/disabled/16.png"},{"block_hashes":["hBaSp/zEC4xuA9i2gBOlyP78HudRo/RDwDZIy4PeVlo="],"block_size":4096,"path":"data/icons/disabled/32.png"},{"block_hashes":["ybOmq7isb0UPTwgmwk8CT6Adoru+Lttd01s8T/u37ps="],"block_size":4096,"path":"data/icons/disabled/48.png"},{"block_hashes":["C2TfuIpKbTXzq/RJ5ANKbycLqL142zdYzMlFW6GRLug="],"block_size":4096,"path":"data/icons/disabled/64.png"},{"block_hashes":["3QMqp7m4tYpidcaakLHCHThbW9Y/hOaVPpyQtZNAEp8="],"block_size":4096,"path":"data/icons/enabled/16.png"},{"block_hashes":["LHEH6Uu/RQrLGJY4Tfdmr+4Kc1CsVpHojP9LHEbOSxg="],"block_size":4096,"path":"data/icons/enabled/32.png"},{"block_hashes":["ocU08QUbYEJkZj/XDH+/rB2ClBf9vV6ll3bx5FFgdCA="],"block_size":4096,"path":"data/icons/enabled/48.png"},{"block_hashes":["RBiTkYZuFUxWo0EMkE/Iumg73Ie9Aef5lD+rXZc0IX8="],"block_size":4096,"path":"data/icons/enabled/64.png"},{"block_hashes":["2SCMrugmAySUCLJ/P6vHTTyPob3TnJzRgHu53k6WBP0="],"block_size":4096,"path":"data/options/options.css"},{"block_hashes":["VNW/07gxpiV3LjltLZ3+idxq24Bdjg/BFXSicPio0Qw="],"block_size":4096,"path":"data/options/options.html"},{"block_hashes":["EnyS3sa9QtJuEFwCD2I16CLTgZ4xe6zH65muuYIvCWA="],"block_size":4096,"path":"data/options/options.js"},{"block_hashes":["8s/yzlBpCwi8fpV/0diLTgf+LMCwDURi0cP6ok1ZJ2k="],"block_size":4096,"path":"lib/chrome/background.html"},{"block_hashes":["MpvXGuKyuE1dq/bqD3PNnOKQXLVjOgnnNasplGxcF0Y=","tQgc7zqbQzj8Zt3D+iMMrfMkNQz82niinEZYu+Dm2qM="],"block_size":4096,"path":"lib/chrome/chrome.js"},{"block_hashes":["KAIdEXEKlTzTXYOD21q5rJvwyC5s6HQMYvhQrSR/dMQ="],"block_size":4096,"path":"lib/common.js"},{"block_hashes":["oVpSIEWxP6NcR8QTVDUhusQR8Xzvtb1F+Eg4A2VXfSE="],"block_size":4096,"path":"lib/config.js"}],"version":2}